O,sum,mse,linear,1,,,0.5017241104336936
O,sum,r2,linear,1,,,-2.0283591282742077
O,sum,pcc,linear,1,,,-0.036025644328522996
O,sum,mse,poly,1,,2,0.3256159322608489
O,sum,r2,poly,1,,2,-0.5386149433198669
O,sum,pcc,poly,1,,2,-0.054679656454762235
O,sum,mse,poly,10,,2,0.46878494883226374
O,sum,r2,poly,10,,2,-1.774657168305
O,sum,pcc,poly,10,,2,-0.09442422425787042
O,sum,mse,poly,100,,2,0.7689075571170048
O,sum,r2,poly,100,,2,-4.943414500887059
O,sum,pcc,poly,100,,2,0.018143726682560497
O,sum,mse,poly,1,,3,0.3552333115372263
O,sum,r2,poly,1,,3,-0.7386205407270902
O,sum,pcc,poly,1,,3,-0.12194417010050529
O,sum,mse,poly,10,,3,0.49988535366495485
O,sum,r2,poly,10,,3,-1.7810356791815747
O,sum,pcc,poly,10,,3,-0.059494215566889365
O,sum,mse,poly,100,,3,2.3134046208809043
O,sum,r2,poly,100,,3,-13.952907532402275
O,sum,pcc,poly,100,,3,-0.049911655075166435
O,sum,mse,rbf,1,0.01,,0.32079066641433257
O,sum,r2,rbf,1,0.01,,-0.508387727664197
O,sum,pcc,rbf,1,0.01,,-0.07705205315393718
O,sum,mse,rbf,10,0.01,,0.3582664333986925
O,sum,r2,rbf,10,0.01,,-0.8255457558841929
O,sum,pcc,rbf,10,0.01,,-0.01957421598742082
O,sum,mse,rbf,100,0.01,,0.3582664333986925
O,sum,r2,rbf,100,0.01,,-0.8255457558841929
O,sum,pcc,rbf,100,0.01,,-0.01957421598742082
O,sum,mse,rbf,1,0.1,,0.29353706237744626
O,sum,r2,rbf,1,0.1,,-0.49701234230979824
O,sum,pcc,rbf,1,0.1,,0.03789506930441211
O,sum,mse,rbf,10,0.1,,0.29538193328550416
O,sum,r2,rbf,10,0.1,,-0.5478063245773723
O,sum,pcc,rbf,10,0.1,,0.05340455744154056
O,sum,mse,rbf,100,0.1,,0.29538193328550416
O,sum,r2,rbf,100,0.1,,-0.5478063245773723
O,sum,pcc,rbf,100,0.1,,0.05340455744154056
O,sum,mse,rbf,1,1,,0.29257820321587835
O,sum,r2,rbf,1,1,,-0.48790221650802473
O,sum,pcc,rbf,1,1,,-0.004016062739439541
O,sum,mse,rbf,10,1,,0.2944260627197942
O,sum,r2,rbf,10,1,,-0.540093830843814
O,sum,pcc,rbf,10,1,,-0.001209700041453704
O,sum,mse,rbf,100,1,,0.2944260627197942
O,sum,r2,rbf,100,1,,-0.540093830843814
O,sum,pcc,rbf,100,1,,-0.001209700041453704
O,sum,mse,rbf,1,10,,0.2925785555524348
O,sum,r2,rbf,1,10,,-0.487903330584337
O,sum,pcc,rbf,1,10,,nan
O,sum,mse,rbf,10,10,,0.2944264317838766
O,sum,r2,rbf,10,10,,-0.540095044047391
O,sum,pcc,rbf,10,10,,nan
O,sum,mse,rbf,100,10,,0.2944264317838766
O,sum,r2,rbf,100,10,,-0.540095044047391
O,sum,pcc,rbf,100,10,,nan
O,max,mse,linear,1,,,0.40664453720624827
O,max,r2,linear,1,,,-1.2502017319756504
O,max,pcc,linear,1,,,-0.03988584789349531
O,max,mse,poly,1,,2,0.35497519306046
O,max,r2,poly,1,,2,-0.9441867148338942
O,max,pcc,poly,1,,2,0.029877708412561
O,max,mse,poly,10,,2,0.3631590490066487
O,max,r2,poly,10,,2,-0.9950253101678713
O,max,pcc,poly,10,,2,0.019609877018915152
O,max,mse,poly,100,,2,0.3631590490066487
O,max,r2,poly,100,,2,-0.9950253101678713
O,max,pcc,poly,100,,2,0.019609877018915152
O,max,mse,poly,1,,3,0.34571607273646326
O,max,r2,poly,1,,3,-0.8664941225419355
O,max,pcc,poly,1,,3,0.013218710814599938
O,max,mse,poly,10,,3,0.34571607273646326
O,max,r2,poly,10,,3,-0.8664941225419355
O,max,pcc,poly,10,,3,0.013218710814599938
O,max,mse,poly,100,,3,0.34571607273646326
O,max,r2,poly,100,,3,-0.8664941225419355
O,max,pcc,poly,100,,3,0.013218710814599938
O,max,mse,rbf,1,0.01,,0.3106529304019702
O,max,r2,rbf,1,0.01,,-0.4538706885378058
O,max,pcc,rbf,1,0.01,,0.04037809063668489
O,max,mse,rbf,10,0.01,,0.32003077311687134
O,max,r2,rbf,10,0.01,,-0.5609914317540158
O,max,pcc,rbf,10,0.01,,0.05457994491288989
O,max,mse,rbf,100,0.01,,0.4170242670955647
O,max,r2,rbf,100,0.01,,-1.3432188468774562
O,max,pcc,rbf,100,0.01,,-0.03548179276275711
O,max,mse,rbf,1,0.1,,0.31182068298182847
O,max,r2,rbf,1,0.1,,-0.4931813572923575
O,max,pcc,rbf,1,0.1,,0.020950980084446763
O,max,mse,rbf,10,0.1,,0.3474339572319489
O,max,r2,rbf,10,0.1,,-0.8617970725892906
O,max,pcc,rbf,10,0.1,,-0.005429803567891111
O,max,mse,rbf,100,0.1,,0.3474339572319489
O,max,r2,rbf,100,0.1,,-0.8617970725892906
O,max,pcc,rbf,100,0.1,,-0.005429803567891111
O,max,mse,rbf,1,1,,0.29085934780566464
O,max,r2,rbf,1,1,,-0.45838049801652153
O,max,pcc,rbf,1,1,,0.09266993080297489
O,max,mse,rbf,10,1,,0.2915936671332389
O,max,r2,rbf,10,1,,-0.49764472882818583
O,max,pcc,rbf,10,1,,0.10022245872379536
O,max,mse,rbf,100,1,,0.2915936671332389
O,max,r2,rbf,100,1,,-0.49764472882818583
O,max,pcc,rbf,100,1,,0.10022245872379536
O,max,mse,rbf,1,10,,0.29257855512550873
O,max,r2,rbf,1,10,,-0.4879033305837671
O,max,pcc,rbf,1,10,,0.06204517370371574
O,max,mse,rbf,10,10,,0.2944264313385738
O,max,r2,rbf,10,10,,-0.5400950441472334
O,max,pcc,rbf,10,10,,0.04315241574048888
O,max,mse,rbf,100,10,,0.2944264313385738
O,max,r2,rbf,100,10,,-0.5400950441472334
O,max,pcc,rbf,100,10,,0.04315241574048888
O,min,mse,linear,1,,,0.37260673969309543
O,min,r2,linear,1,,,-1.1724234285202297
O,min,pcc,linear,1,,,0.047919906404244456
O,min,mse,poly,1,,2,0.33661028853816843
O,min,r2,poly,1,,2,-0.9417195074289314
O,min,pcc,poly,1,,2,0.06357470481346761
O,min,mse,poly,10,,2,0.3398166444649292
O,min,r2,poly,10,,2,-1.0259138848270242
O,min,pcc,poly,10,,2,0.08701045802832037
O,min,mse,poly,100,,2,0.3398166444649292
O,min,r2,poly,100,,2,-1.0259138848270242
O,min,pcc,poly,100,,2,0.08701045802832037
O,min,mse,poly,1,,3,0.3220806271532975
O,min,r2,poly,1,,3,-0.9304358870603661
O,min,pcc,poly,1,,3,0.08087990987729457
O,min,mse,poly,10,,3,0.3220806271532975
O,min,r2,poly,10,,3,-0.9304358870603661
O,min,pcc,poly,10,,3,0.08087990987729457
O,min,mse,poly,100,,3,0.3220806271532975
O,min,r2,poly,100,,3,-0.9304358870603661
O,min,pcc,poly,100,,3,0.08087990987729457
O,min,mse,rbf,1,0.01,,0.3047958649427439
O,min,r2,rbf,1,0.01,,-0.41534717220454925
O,min,pcc,rbf,1,0.01,,-0.05693126724993954
O,min,mse,rbf,10,0.01,,0.31630214553212765
O,min,r2,rbf,10,0.01,,-0.5633651666228741
O,min,pcc,rbf,10,0.01,,-0.03238787375428521
O,min,mse,rbf,100,0.01,,0.37860085318376424
O,min,r2,rbf,100,0.01,,-1.2807509124601117
O,min,pcc,rbf,100,0.01,,0.07729883486199135
O,min,mse,rbf,1,0.1,,0.30846220075123654
O,min,r2,rbf,1,0.1,,-0.49160321173870314
O,min,pcc,rbf,1,0.1,,-0.02930625927785706
O,min,mse,rbf,10,0.1,,0.3316669047287077
O,min,r2,rbf,10,0.1,,-0.9097649917390438
O,min,pcc,rbf,10,0.1,,0.09000906627499135
O,min,mse,rbf,100,0.1,,0.3316669047287077
O,min,r2,rbf,100,0.1,,-0.9097649917390438
O,min,pcc,rbf,100,0.1,,0.09000906627499135
O,min,mse,rbf,1,1,,0.29109607198662657
O,min,r2,rbf,1,1,,-0.469924681455702
O,min,pcc,rbf,1,1,,0.07969269577358136
O,min,mse,rbf,10,1,,0.292044339680486
O,min,r2,rbf,10,1,,-0.513681222406891
O,min,pcc,rbf,10,1,,0.09521250135663717
O,min,mse,rbf,100,1,,0.292044339680486
O,min,r2,rbf,100,1,,-0.513681222406891
O,min,pcc,rbf,100,1,,0.09521250135663717
O,min,mse,rbf,1,10,,0.29257855547753253
O,min,r2,rbf,1,10,,-0.4879033293139717
O,min,pcc,rbf,1,10,,-0.08995796928079672
O,min,mse,rbf,10,10,,0.2944264317028494
O,min,r2,rbf,10,10,,-0.5400950426481239
O,min,pcc,rbf,10,10,,-0.09484243009428152
O,min,mse,rbf,100,10,,0.2944264317028494
O,min,r2,rbf,100,10,,-0.5400950426481239
O,min,pcc,rbf,100,10,,-0.09484243009428152
O,avg,mse,linear,1,,,0.35562425139408027
O,avg,r2,linear,1,,,-0.8633029283445126
O,avg,pcc,linear,1,,,0.060388659807275556
O,avg,mse,poly,1,,2,0.32307756756674416
O,avg,r2,poly,1,,2,-0.6296545077541156
O,avg,pcc,poly,1,,2,0.07720964946874162
O,avg,mse,poly,10,,2,0.3986561442777686
O,avg,r2,poly,10,,2,-1.2343424069219162
O,avg,pcc,poly,10,,2,0.07664418178640345
O,avg,mse,poly,100,,2,0.3986561442777686
O,avg,r2,poly,100,,2,-1.2343424069219162
O,avg,pcc,poly,100,,2,0.07664418178640345
O,avg,mse,poly,1,,3,0.30822789468182565
O,avg,r2,poly,1,,3,-0.5607264712258282
O,avg,pcc,poly,1,,3,0.1330972926089033
O,avg,mse,poly,10,,3,0.3538755559009296
O,avg,r2,poly,10,,3,-0.934977095799981
O,avg,pcc,poly,10,,3,0.10309375777012071
O,avg,mse,poly,100,,3,0.3538755559009296
O,avg,r2,poly,100,,3,-0.934977095799981
O,avg,pcc,poly,100,,3,0.10309375777012071
O,avg,mse,rbf,1,0.01,,0.3055137098994337
O,avg,r2,rbf,1,0.01,,-0.4435745933381436
O,avg,pcc,rbf,1,0.01,,0.10508562987268961
O,avg,mse,rbf,10,0.01,,0.3073239076939746
O,avg,r2,rbf,10,0.01,,-0.4594805221904835
O,avg,pcc,rbf,10,0.01,,0.07356723648405816
O,avg,mse,rbf,100,0.01,,0.40015249186826596
O,avg,r2,rbf,100,0.01,,-1.2018366803262193
O,avg,pcc,rbf,100,0.01,,0.06567043438813627
O,avg,mse,rbf,1,0.1,,0.3083593933353288
O,avg,r2,rbf,1,0.1,,-0.4551343130986069
O,avg,pcc,rbf,1,0.1,,0.04241377051181132
O,avg,mse,rbf,10,0.1,,0.3711616332411426
O,avg,r2,rbf,10,0.1,,-0.9653071644722067
O,avg,pcc,rbf,10,0.1,,0.07350718037931869
O,avg,mse,rbf,100,0.1,,0.4390501654215216
O,avg,r2,rbf,100,0.1,,-1.435029867152608
O,avg,pcc,rbf,100,0.1,,0.05023375387678246
O,avg,mse,rbf,1,1,,0.30281926250592883
O,avg,r2,rbf,1,1,,-0.46073056726375167
O,avg,pcc,rbf,1,1,,0.020669584765993003
O,avg,mse,rbf,10,1,,0.30910841547442514
O,avg,r2,rbf,10,1,,-0.5588100528360376
O,avg,pcc,rbf,10,1,,0.031088687143587573
O,avg,mse,rbf,100,1,,0.30910841547442514
O,avg,r2,rbf,100,1,,-0.5588100528360376
O,avg,pcc,rbf,100,1,,0.031088687143587573
O,avg,mse,rbf,1,10,,0.29261256823998977
O,avg,r2,rbf,1,10,,-0.4882962769617958
O,avg,pcc,rbf,1,10,,0.02206353422790534
O,avg,mse,rbf,10,10,,0.29443804721827715
O,avg,r2,rbf,10,10,,-0.5403324606170481
O,avg,pcc,rbf,10,10,,0.031837850192576796
O,avg,mse,rbf,100,10,,0.29443804721827715
O,avg,r2,rbf,100,10,,-0.5403324606170481
O,avg,pcc,rbf,100,10,,0.031837850192576796
O,conc,mse,linear,1,,,0.36498797166921915
O,conc,r2,linear,1,,,-1.1072920332886595
O,conc,pcc,linear,1,,,0.09355160493952466
O,conc,mse,poly,1,,2,0.307601939678375
O,conc,r2,poly,1,,2,-0.49116237689293785
O,conc,pcc,poly,1,,2,0.03388705434140693
O,conc,mse,poly,10,,2,0.3241853393629171
O,conc,r2,poly,10,,2,-0.8160141374788019
O,conc,pcc,poly,10,,2,0.10572986933783035
O,conc,mse,poly,100,,2,0.3241853393629171
O,conc,r2,poly,100,,2,-0.8160141374788019
O,conc,pcc,poly,100,,2,0.10572986933783035
O,conc,mse,poly,1,,3,0.30445793462610976
O,conc,r2,poly,1,,3,-0.4817805749004768
O,conc,pcc,poly,1,,3,0.04976046088613632
O,conc,mse,poly,10,,3,0.3090547150205155
O,conc,r2,poly,10,,3,-0.7125750134811176
O,conc,pcc,poly,10,,3,0.08675416491668309
O,conc,mse,poly,100,,3,0.3090547150205155
O,conc,r2,poly,100,,3,-0.7125750134811176
O,conc,pcc,poly,100,,3,0.08675416491668309
O,conc,mse,rbf,1,0.01,,0.3071123968771395
O,conc,r2,rbf,1,0.01,,-0.4256156664341419
O,conc,pcc,rbf,1,0.01,,-0.0024303108713371784
O,conc,mse,rbf,10,0.01,,0.3210785631519292
O,conc,r2,rbf,10,0.01,,-0.6520584431467392
O,conc,pcc,rbf,10,0.01,,0.08123203115107329
O,conc,mse,rbf,100,0.01,,0.3471016266726682
O,conc,r2,rbf,100,0.01,,-0.9417748383134675
O,conc,pcc,rbf,100,0.01,,0.09011750459723304
O,conc,mse,rbf,1,0.1,,0.2975082773955249
O,conc,r2,rbf,1,0.1,,-0.45541040076544925
O,conc,pcc,rbf,1,0.1,,0.06257790675037064
O,conc,mse,rbf,10,0.1,,0.2976597109171785
O,conc,r2,rbf,10,0.1,,-0.5494925142494248
O,conc,pcc,rbf,10,0.1,,0.10559893174823339
O,conc,mse,rbf,100,0.1,,0.2976597109171785
O,conc,r2,rbf,100,0.1,,-0.5494925142494248
O,conc,pcc,rbf,100,0.1,,0.10559893174823339
O,conc,mse,rbf,1,1,,0.2926074895415541
O,conc,r2,rbf,1,1,,-0.487082656390777
O,conc,pcc,rbf,1,1,,-0.019094996280062577
O,conc,mse,rbf,10,1,,0.2944083156901513
O,conc,r2,rbf,10,1,,-0.5387827426461096
O,conc,pcc,rbf,10,1,,0.024014950523197118
O,conc,mse,rbf,100,1,,0.2944083156901513
O,conc,r2,rbf,100,1,,-0.5387827426461096
O,conc,pcc,rbf,100,1,,0.024014950523197118
O,conc,mse,rbf,1,10,,0.2925785555524348
O,conc,r2,rbf,1,10,,-0.487903330584337
O,conc,pcc,rbf,1,10,,nan
O,conc,mse,rbf,10,10,,0.2944264317838766
O,conc,r2,rbf,10,10,,-0.540095044047391
O,conc,pcc,rbf,10,10,,nan
O,conc,mse,rbf,100,10,,0.2944264317838766
O,conc,r2,rbf,100,10,,-0.540095044047391
O,conc,pcc,rbf,100,10,,nan
C,sum,mse,linear,1,,,0.891058319203256
C,sum,r2,linear,1,,,-1.4901210781649779
C,sum,pcc,linear,1,,,0.20233093776164254
C,sum,mse,poly,1,,2,0.5996197236431737
C,sum,r2,poly,1,,2,-0.6284768714722179
C,sum,pcc,poly,1,,2,0.1176245669899664
C,sum,mse,poly,10,,2,0.8444634816752368
C,sum,r2,poly,10,,2,-1.6918117979617642
C,sum,pcc,poly,10,,2,0.24085474078420926
C,sum,mse,poly,100,,2,1.8287243947549938
C,sum,r2,poly,100,,2,-5.197135582454915
C,sum,pcc,poly,100,,2,0.1581551588364642
C,sum,mse,poly,1,,3,0.7190069095826827
C,sum,r2,poly,1,,3,-1.1730576205647876
C,sum,pcc,poly,1,,3,0.11987428944770089
C,sum,mse,poly,10,,3,1.5865699547618846
C,sum,r2,poly,10,,3,-4.9570836027894885
C,sum,pcc,poly,10,,3,0.22442938034293372
C,sum,mse,poly,100,,3,4.086706493072839
C,sum,r2,poly,100,,3,-17.289512511431962
C,sum,pcc,poly,100,,3,0.17558987825927774
C,sum,mse,rbf,1,0.01,,0.5746065158595558
C,sum,r2,rbf,1,0.01,,-0.4916953401149928
C,sum,pcc,rbf,1,0.01,,0.05663249443633996
C,sum,mse,rbf,10,0.01,,0.6579534270564888
C,sum,r2,rbf,10,0.01,,-0.7208668006095361
C,sum,pcc,rbf,10,0.01,,0.08734402025121725
C,sum,mse,rbf,100,0.01,,0.6859004635907878
C,sum,r2,rbf,100,0.01,,-0.8003633718252197
C,sum,pcc,rbf,100,0.01,,0.042500771724387564
C,sum,mse,rbf,1,0.1,,0.5557633687191089
C,sum,r2,rbf,1,0.1,,-0.4402739526969535
C,sum,pcc,rbf,1,0.1,,0.1359560944838227
C,sum,mse,rbf,10,0.1,,0.5584331287566078
C,sum,r2,rbf,10,0.1,,-0.42326761859067635
C,sum,pcc,rbf,10,0.1,,0.11696379783578977
C,sum,mse,rbf,100,0.1,,0.5584331287566078
C,sum,r2,rbf,100,0.1,,-0.42326761859067635
C,sum,pcc,rbf,100,0.1,,0.11696379783578977
C,sum,mse,rbf,1,1,,0.5506021707928357
C,sum,r2,rbf,1,1,,-0.42453954403718913
C,sum,pcc,rbf,1,1,,0.06453114758531606
C,sum,mse,rbf,10,1,,0.5473614094326225
C,sum,r2,rbf,10,1,,-0.3976002947881687
C,sum,pcc,rbf,10,1,,0.06630027643374711
C,sum,mse,rbf,100,1,,0.5473614094326225
C,sum,r2,rbf,100,1,,-0.3976002947881687
C,sum,pcc,rbf,100,1,,0.06630027643374711
C,sum,mse,rbf,1,10,,0.5506021731251579
C,sum,r2,rbf,1,10,,-0.42453905960966426
C,sum,pcc,rbf,1,10,,nan
C,sum,mse,rbf,10,10,,0.5473611213225805
C,sum,r2,rbf,10,10,,-0.39759857561145895
C,sum,pcc,rbf,10,10,,nan
C,sum,mse,rbf,100,10,,0.5473611213225805
C,sum,r2,rbf,100,10,,-0.39759857561145895
C,sum,pcc,rbf,100,10,,nan
C,max,mse,linear,1,,,0.7096187336054014
C,max,r2,linear,1,,,-0.865665460063691
C,max,pcc,linear,1,,,-0.011777580210303262
C,max,mse,poly,1,,2,0.6433124513687071
C,max,r2,poly,1,,2,-0.7126519031002225
C,max,pcc,poly,1,,2,0.032406429398731985
C,max,mse,poly,10,,2,0.7320461905760799
C,max,r2,poly,10,,2,-0.9780083201546809
C,max,pcc,poly,10,,2,0.01576700885796144
C,max,mse,poly,100,,2,0.7320461905760799
C,max,r2,poly,100,,2,-0.9780083201546809
C,max,pcc,poly,100,,2,0.01576700885796144
C,max,mse,poly,1,,3,0.6806233216916965
C,max,r2,poly,1,,3,-0.8689315068552512
C,max,pcc,poly,1,,3,0.06788457663995638
C,max,mse,poly,10,,3,0.7463432175050866
C,max,r2,poly,10,,3,-1.089059337520591
C,max,pcc,poly,10,,3,0.03322299757584148
C,max,mse,poly,100,,3,0.7463432175050866
C,max,r2,poly,100,,3,-1.089059337520591
C,max,pcc,poly,100,,3,0.03322299757584148
C,max,mse,rbf,1,0.01,,0.533225688419569
C,max,r2,rbf,1,0.01,,-0.33650163513593095
C,max,pcc,rbf,1,0.01,,0.24175250144851707
C,max,mse,rbf,10,0.01,,0.5675272247681015
C,max,r2,rbf,10,0.01,,-0.4766857021969666
C,max,pcc,rbf,10,0.01,,0.05828138342653828
C,max,mse,rbf,100,0.01,,0.7489737226690825
C,max,r2,rbf,100,0.01,,-0.9618957210544394
C,max,pcc,rbf,100,0.01,,0.007354501704899763
C,max,mse,rbf,1,0.1,,0.5555755072703115
C,max,r2,rbf,1,0.1,,-0.437618207587499
C,max,pcc,rbf,1,0.1,,0.09825939286955916
C,max,mse,rbf,10,0.1,,0.6590772289512168
C,max,r2,rbf,10,0.1,,-0.7439362328744987
C,max,pcc,rbf,10,0.1,,0.022204571633779712
C,max,mse,rbf,100,0.1,,0.6588414787033896
C,max,r2,rbf,100,0.1,,-0.7431671342765425
C,max,pcc,rbf,100,0.1,,0.023144727991112512
C,max,mse,rbf,1,1,,0.5454666306278984
C,max,r2,rbf,1,1,,-0.42764992516239186
C,max,pcc,rbf,1,1,,0.11099420371104045
C,max,mse,rbf,10,1,,0.5431450946933378
C,max,r2,rbf,10,1,,-0.40204838445355023
C,max,pcc,rbf,10,1,,0.09541431387108847
C,max,mse,rbf,100,1,,0.5431450946933378
C,max,r2,rbf,100,1,,-0.40204838445355023
C,max,pcc,rbf,100,1,,0.09541431387108847
C,max,mse,rbf,1,10,,0.5506021735589816
C,max,r2,rbf,1,10,,-0.424539060146328
C,max,pcc,rbf,1,10,,-0.23856130062776476
C,max,mse,rbf,10,10,,0.5473611216640772
C,max,r2,rbf,10,10,,-0.39759857596561615
C,max,pcc,rbf,10,10,,-0.2878783332075704
C,max,mse,rbf,100,10,,0.5473611216640772
C,max,r2,rbf,100,10,,-0.39759857596561615
C,max,pcc,rbf,100,10,,-0.2878783332075704
C,min,mse,linear,1,,,0.6806914490873919
C,min,r2,linear,1,,,-0.7142252714763033
C,min,pcc,linear,1,,,0.08951369337354552
C,min,mse,poly,1,,2,0.6594537600396275
C,min,r2,poly,1,,2,-0.6723113266017527
C,min,pcc,poly,1,,2,0.0889433149778591
C,min,mse,poly,10,,2,0.7099515471464521
C,min,r2,poly,10,,2,-0.7699645260924199
C,min,pcc,poly,10,,2,0.09644873928656798
C,min,mse,poly,100,,2,0.7099515471464521
C,min,r2,poly,100,,2,-0.7699645260924199
C,min,pcc,poly,100,,2,0.09644873928656798
C,min,mse,poly,1,,3,0.6920742875764555
C,min,r2,poly,1,,3,-0.7582735714011544
C,min,pcc,poly,1,,3,0.09663051105659873
C,min,mse,poly,10,,3,0.6972667164366204
C,min,r2,poly,10,,3,-0.7743617172454298
C,min,pcc,poly,10,,3,0.11939798239688329
C,min,mse,poly,100,,3,0.6972667164366204
C,min,r2,poly,100,,3,-0.7743617172454298
C,min,pcc,poly,100,,3,0.11939798239688329
C,min,mse,rbf,1,0.01,,0.5428739787177451
C,min,r2,rbf,1,0.01,,-0.3588664172765033
C,min,pcc,rbf,1,0.01,,0.1952282744084556
C,min,mse,rbf,10,0.01,,0.5608482863235231
C,min,r2,rbf,10,0.01,,-0.41104105506204175
C,min,pcc,rbf,10,0.01,,0.1038948565690436
C,min,mse,rbf,100,0.01,,0.7424613729916839
C,min,r2,rbf,100,0.01,,-0.8534549016065437
C,min,pcc,rbf,100,0.01,,0.07629073998249457
C,min,mse,rbf,1,0.1,,0.5576602564078883
C,min,r2,rbf,1,0.1,,-0.4067318992702879
C,min,pcc,rbf,1,0.1,,0.09162084177513515
C,min,mse,rbf,10,0.1,,0.688721724759435
C,min,r2,rbf,10,0.1,,-0.7198596679053983
C,min,pcc,rbf,10,0.1,,0.04760935360704198
C,min,mse,rbf,100,0.1,,0.6964945914555392
C,min,r2,rbf,100,0.1,,-0.7409243858776862
C,min,pcc,rbf,100,0.1,,0.04204241764840231
C,min,mse,rbf,1,1,,0.5589376018511176
C,min,r2,rbf,1,1,,-0.44154004955362663
C,min,pcc,rbf,1,1,,-0.05743478313342535
C,min,mse,rbf,10,1,,0.5590948325464538
C,min,r2,rbf,10,1,,-0.4170855220974733
C,min,pcc,rbf,10,1,,-0.05624691717001917
C,min,mse,rbf,100,1,,0.5590948325464538
C,min,r2,rbf,100,1,,-0.4170855220974733
C,min,pcc,rbf,100,1,,-0.05624691717001917
C,min,mse,rbf,1,10,,0.5506021723453702
C,min,r2,rbf,1,10,,-0.4245390571900603
C,min,pcc,rbf,1,10,,0.03586416961663076
C,min,mse,rbf,10,10,,0.5473611205794869
C,min,r2,rbf,10,10,,-0.39759857324032855
C,min,pcc,rbf,10,10,,0.02730349870064604
C,min,mse,rbf,100,10,,0.5473611205794869
C,min,r2,rbf,100,10,,-0.39759857324032855
C,min,pcc,rbf,100,10,,0.02730349870064604
C,avg,mse,linear,1,,,0.6371927383399981
C,avg,r2,linear,1,,,-0.6828580622801235
C,avg,pcc,linear,1,,,0.015207779624028616
C,avg,mse,poly,1,,2,0.6074101206847683
C,avg,r2,poly,1,,2,-0.5830660624816785
C,avg,pcc,poly,1,,2,-0.022953254575826577
C,avg,mse,poly,10,,2,0.7030075436461483
C,avg,r2,poly,10,,2,-0.8928337635550158
C,avg,pcc,poly,10,,2,0.09608660257182747
C,avg,mse,poly,100,,2,0.7030075436461483
C,avg,r2,poly,100,,2,-0.8928337635550158
C,avg,pcc,poly,100,,2,0.09608660257182747
C,avg,mse,poly,1,,3,0.5966120429703757
C,avg,r2,poly,1,,3,-0.5642461220550863
C,avg,pcc,poly,1,,3,-0.026335361405509027
C,avg,mse,poly,10,,3,0.6722084155663415
C,avg,r2,poly,10,,3,-0.7823870589100975
C,avg,pcc,poly,10,,3,0.0812228238454894
C,avg,mse,poly,100,,3,0.6722084155663415
C,avg,r2,poly,100,,3,-0.7823870589100975
C,avg,pcc,poly,100,,3,0.0812228238454894
C,avg,mse,rbf,1,0.01,,0.5594450018593894
C,avg,r2,rbf,1,0.01,,-0.4076276137256961
C,avg,pcc,rbf,1,0.01,,-0.0022837131090965635
C,avg,mse,rbf,10,0.01,,0.5757829947047
C,avg,r2,rbf,10,0.01,,-0.47153003088612194
C,avg,pcc,rbf,10,0.01,,-0.04942137833278933
C,avg,mse,rbf,100,0.01,,0.6523082572809857
C,avg,r2,rbf,100,0.01,,-0.7438193340219953
C,avg,pcc,rbf,100,0.01,,0.10113977860738724
C,avg,mse,rbf,1,0.1,,0.568303851330201
C,avg,r2,rbf,1,0.1,,-0.4485441434942807
C,avg,pcc,rbf,1,0.1,,-0.03461550589089498
C,avg,mse,rbf,10,0.1,,0.6307863848637327
C,avg,r2,rbf,10,0.1,,-0.6564462234425763
C,avg,pcc,rbf,10,0.1,,0.1140604792404726
C,avg,mse,rbf,100,0.1,,0.7035874350763364
C,avg,r2,rbf,100,0.1,,-0.8689832114873299
C,avg,pcc,rbf,100,0.1,,0.1537294529997319
C,avg,mse,rbf,1,1,,0.5773073019464527
C,avg,r2,rbf,1,1,,-0.48849237275187923
C,avg,pcc,rbf,1,1,,0.030713695553241348
C,avg,mse,rbf,10,1,,0.5893136902391564
C,avg,r2,rbf,10,1,,-0.5033479701618913
C,avg,pcc,rbf,10,1,,0.10305427210804641
C,avg,mse,rbf,100,1,,0.5893136902391564
C,avg,r2,rbf,100,1,,-0.5033479701618913
C,avg,pcc,rbf,100,1,,0.10305427210804641
C,avg,mse,rbf,1,10,,0.5506220387431681
C,avg,r2,rbf,1,10,,-0.42423966699805005
C,avg,pcc,rbf,1,10,,0.12718224244811885
C,avg,mse,rbf,10,10,,0.547369269605464
C,avg,r2,rbf,10,10,,-0.39733385364541024
C,avg,pcc,rbf,10,10,,0.12885581063026053
C,avg,mse,rbf,100,10,,0.547369269605464
C,avg,r2,rbf,100,10,,-0.39733385364541024
C,avg,pcc,rbf,100,10,,0.12885581063026053
C,conc,mse,linear,1,,,0.6451816919879685
C,conc,r2,linear,1,,,-0.6403245540435931
C,conc,pcc,linear,1,,,0.1036733434124452
C,conc,mse,poly,1,,2,0.5628737704665518
C,conc,r2,poly,1,,2,-0.45613617141863705
C,conc,pcc,poly,1,,2,0.12069200253318357
C,conc,mse,poly,10,,2,0.6336249413289214
C,conc,r2,poly,10,,2,-0.6238681029351743
C,conc,pcc,poly,10,,2,0.11304125682578015
C,conc,mse,poly,100,,2,0.635364144420201
C,conc,r2,poly,100,,2,-0.6303133628898211
C,conc,pcc,poly,100,,2,0.11028002300790458
C,conc,mse,poly,1,,3,0.561795307930484
C,conc,r2,poly,1,,3,-0.4570323571303362
C,conc,pcc,poly,1,,3,0.13617954828931045
C,conc,mse,poly,10,,3,0.6255306650270207
C,conc,r2,poly,10,,3,-0.6262028807266589
C,conc,pcc,poly,10,,3,0.13179257353693458
C,conc,mse,poly,100,,3,0.6380039154402415
C,conc,r2,poly,100,,3,-0.6619435294434253
C,conc,pcc,poly,100,,3,0.11898764625810847
C,conc,mse,rbf,1,0.01,,0.5441406182701523
C,conc,r2,rbf,1,0.01,,-0.37664655074135156
C,conc,pcc,rbf,1,0.01,,0.16799685479977006
C,conc,mse,rbf,10,0.01,,0.5774692158782028
C,conc,r2,rbf,10,0.01,,-0.4880468508675568
C,conc,pcc,rbf,10,0.01,,0.12018846449958318
C,conc,mse,rbf,100,0.01,,0.6430263363720334
C,conc,r2,rbf,100,0.01,,-0.6388737766156147
C,conc,pcc,rbf,100,0.01,,0.09264319139096071
C,conc,mse,rbf,1,0.1,,0.5681109332429374
C,conc,r2,rbf,1,0.1,,-0.4736851681285813
C,conc,pcc,rbf,1,0.1,,0.0763578522374905
C,conc,mse,rbf,10,0.1,,0.5994135259359515
C,conc,r2,rbf,10,0.1,,-0.5337223783873988
C,conc,pcc,rbf,10,0.1,,0.06866217787794811
C,conc,mse,rbf,100,0.1,,0.5994135259359515
C,conc,r2,rbf,100,0.1,,-0.5337223783873988
C,conc,pcc,rbf,100,0.1,,0.06866217787794811
C,conc,mse,rbf,1,1,,0.5507656068149135
C,conc,r2,rbf,1,1,,-0.4249239535836676
C,conc,pcc,rbf,1,1,,-0.0325257854821421
C,conc,mse,rbf,10,1,,0.5476682758281252
C,conc,r2,rbf,10,1,,-0.39815191804046035
C,conc,pcc,rbf,10,1,,-0.04080049558639542
C,conc,mse,rbf,100,1,,0.5476682758281252
C,conc,r2,rbf,100,1,,-0.39815191804046035
C,conc,pcc,rbf,100,1,,-0.04080049558639542
C,conc,mse,rbf,1,10,,0.5506021731251579
C,conc,r2,rbf,1,10,,-0.42453905960966426
C,conc,pcc,rbf,1,10,,nan
C,conc,mse,rbf,10,10,,0.5473611213225805
C,conc,r2,rbf,10,10,,-0.39759857561145895
C,conc,pcc,rbf,10,10,,nan
C,conc,mse,rbf,100,10,,0.5473611213225805
C,conc,r2,rbf,100,10,,-0.39759857561145895
C,conc,pcc,rbf,100,10,,nan
E,sum,mse,linear,1,,,0.8016969667646696
E,sum,r2,linear,1,,,-0.6859126652183674
E,sum,pcc,linear,1,,,0.08791884975692373
E,sum,mse,poly,1,,2,0.5522913815464043
E,sum,r2,poly,1,,2,-0.10833018778829735
E,sum,pcc,poly,1,,2,0.20642604297920367
E,sum,mse,poly,10,,2,0.9983125370341422
E,sum,r2,poly,10,,2,-1.0478599927953316
E,sum,pcc,poly,10,,2,0.12472175715439253
E,sum,mse,poly,100,,2,1.3770258543078129
E,sum,r2,poly,100,,2,-1.8822816102734605
E,sum,pcc,poly,100,,2,0.12778643896938607
E,sum,mse,poly,1,,3,0.6705601014458595
E,sum,r2,poly,1,,3,-0.3728225450218187
E,sum,pcc,poly,1,,3,0.1295907620706865
E,sum,mse,poly,10,,3,2.623736656770383
E,sum,r2,poly,10,,3,-4.484954127132095
E,sum,pcc,poly,10,,3,0.05026949382416308
E,sum,mse,poly,100,,3,6.14508685979243
E,sum,r2,poly,100,,3,-12.680679993948576
E,sum,pcc,poly,100,,3,0.1167046145362245
E,sum,mse,rbf,1,0.01,,0.5374335376949988
E,sum,r2,rbf,1,0.01,,-0.10210742819807801
E,sum,pcc,rbf,1,0.01,,0.15997790865167874
E,sum,mse,rbf,10,0.01,,0.577136511788349
E,sum,r2,rbf,10,0.01,,-0.21594907239944755
E,sum,pcc,rbf,10,0.01,,0.13064797262872782
E,sum,mse,rbf,100,0.01,,0.5847739646602658
E,sum,r2,rbf,100,0.01,,-0.23287587048603617
E,sum,pcc,rbf,100,0.01,,0.1135536380648204
E,sum,mse,rbf,1,0.1,,0.5310634477847955
E,sum,r2,rbf,1,0.1,,-0.06802859672441555
E,sum,pcc,rbf,1,0.1,,0.14421758873736043
E,sum,mse,rbf,10,0.1,,0.52877800485887
E,sum,r2,rbf,10,0.1,,-0.06501999898205835
E,sum,pcc,rbf,10,0.1,,0.15284043071321046
E,sum,mse,rbf,100,0.1,,0.52877800485887
E,sum,r2,rbf,100,0.1,,-0.06501999898205835
E,sum,pcc,rbf,100,0.1,,0.15284043071321046
E,sum,mse,rbf,1,1,,0.5370982607803036
E,sum,r2,rbf,1,1,,-0.06717904289004835
E,sum,pcc,rbf,1,1,,0.12623613310459908
E,sum,mse,rbf,10,1,,0.535605550280192
E,sum,r2,rbf,10,1,,-0.06116948157379467
E,sum,pcc,rbf,10,1,,0.12806418564570188
E,sum,mse,rbf,100,1,,0.535605550280192
E,sum,r2,rbf,100,1,,-0.06116948157379467
E,sum,pcc,rbf,100,1,,0.12806418564570188
E,sum,mse,rbf,1,10,,0.5370990716180863
E,sum,r2,rbf,1,10,,-0.0671816009338384
E,sum,pcc,rbf,1,10,,nan
E,sum,mse,rbf,10,10,,0.5356062101899466
E,sum,r2,rbf,10,10,,-0.06117112971813987
E,sum,pcc,rbf,10,10,,nan
E,sum,mse,rbf,100,10,,0.5356062101899466
E,sum,r2,rbf,100,10,,-0.06117112971813987
E,sum,pcc,rbf,100,10,,nan
E,max,mse,linear,1,,,0.6930907983137712
E,max,r2,linear,1,,,-0.5028007682920744
E,max,pcc,linear,1,,,0.08479369388383975
E,max,mse,poly,1,,2,0.6599327081037772
E,max,r2,poly,1,,2,-0.41759428910229274
E,max,pcc,poly,1,,2,0.10049676346813127
E,max,mse,poly,10,,2,0.7491022039950004
E,max,r2,poly,10,,2,-0.6574876018343628
E,max,pcc,poly,10,,2,0.02354593137111292
E,max,mse,poly,100,,2,0.7491022039950004
E,max,r2,poly,100,,2,-0.6574876018343628
E,max,pcc,poly,100,,2,0.02354593137111292
E,max,mse,poly,1,,3,0.7393046722891825
E,max,r2,poly,1,,3,-0.6335547242961145
E,max,pcc,poly,1,,3,0.030096299105861913
E,max,mse,poly,10,,3,0.746966154605235
E,max,r2,poly,10,,3,-0.652745042637786
E,max,pcc,poly,10,,3,0.03145407444726986
E,max,mse,poly,100,,3,0.746966154605235
E,max,r2,poly,100,,3,-0.652745042637786
E,max,pcc,poly,100,,3,0.03145407444726986
E,max,mse,rbf,1,0.01,,0.5524914649662463
E,max,r2,rbf,1,0.01,,-0.11140592969367095
E,max,pcc,rbf,1,0.01,,0.05865325318538932
E,max,mse,rbf,10,0.01,,0.553163734676757
E,max,r2,rbf,10,0.01,,-0.13595190570749857
E,max,pcc,rbf,10,0.01,,0.13169584380704227
E,max,mse,rbf,100,0.01,,0.7778419102034533
E,max,r2,rbf,100,0.01,,-0.7042524006673755
E,max,pcc,rbf,100,0.01,,0.013994906171847904
E,max,mse,rbf,1,0.1,,0.5548125576235184
E,max,r2,rbf,1,0.1,,-0.1318338477146773
E,max,pcc,rbf,1,0.1,,0.07916249904663873
E,max,mse,rbf,10,0.1,,0.6707187240560426
E,max,r2,rbf,10,0.1,,-0.42848096830238436
E,max,pcc,rbf,10,0.1,,-0.03682015266588144
E,max,mse,rbf,100,0.1,,0.6731200015029293
E,max,r2,rbf,100,0.1,,-0.4355825339191006
E,max,pcc,rbf,100,0.1,,-0.04149285672423212
E,max,mse,rbf,1,1,,0.5402830096009238
E,max,r2,rbf,1,1,,-0.07502335381553546
E,max,pcc,rbf,1,1,,-0.006140090824636246
E,max,mse,rbf,10,1,,0.5391092816405754
E,max,r2,rbf,10,1,,-0.0679714218797259
E,max,pcc,rbf,10,1,,-0.0046515105446993665
E,max,mse,rbf,100,1,,0.5391092816405754
E,max,r2,rbf,100,1,,-0.0679714218797259
E,max,pcc,rbf,100,1,,-0.0046515105446993665
E,max,mse,rbf,1,10,,0.5370987545647516
E,max,r2,rbf,1,10,,-0.06718029500611858
E,max,pcc,rbf,1,10,,0.1507478784532112
E,max,mse,rbf,10,10,,0.5356062101542014
E,max,r2,rbf,10,10,,-0.06117112950498451
E,max,pcc,rbf,10,10,,0.14401240039569246
E,max,mse,rbf,100,10,,0.5356062101542014
E,max,r2,rbf,100,10,,-0.06117112950498451
E,max,pcc,rbf,100,10,,0.14401240039569246
E,min,mse,linear,1,,,0.8767023627320313
E,min,r2,linear,1,,,-0.9027099358707416
E,min,pcc,linear,1,,,-0.13766943072590165
E,min,mse,poly,1,,2,0.7781582783239378
E,min,r2,poly,1,,2,-0.6594117531942171
E,min,pcc,poly,1,,2,-0.06878516468361236
E,min,mse,poly,10,,2,0.8279850073985571
E,min,r2,poly,10,,2,-0.7804061577517893
E,min,pcc,poly,10,,2,-0.08811615885160871
E,min,mse,poly,100,,2,0.8279850073985571
E,min,r2,poly,100,,2,-0.7804061577517893
E,min,pcc,poly,100,,2,-0.08811615885160871
E,min,mse,poly,1,,3,0.7566256698806111
E,min,r2,poly,1,,3,-0.5760279768265643
E,min,pcc,poly,1,,3,-0.0414861256774983
E,min,mse,poly,10,,3,0.756507565340722
E,min,r2,poly,10,,3,-0.5751112817659896
E,min,pcc,poly,10,,3,-0.041671087194402844
E,min,mse,poly,100,,3,0.756507565340722
E,min,r2,poly,100,,3,-0.5751112817659896
E,min,pcc,poly,100,,3,-0.041671087194402844
E,min,mse,rbf,1,0.01,,0.5575875325605102
E,min,r2,rbf,1,0.01,,-0.11824027066620706
E,min,pcc,rbf,1,0.01,,-0.060897585764098025
E,min,mse,rbf,10,0.01,,0.6105597675043994
E,min,r2,rbf,10,0.01,,-0.2524126219090655
E,min,pcc,rbf,10,0.01,,-0.07970783925453755
E,min,mse,rbf,100,0.01,,0.9454857048654122
E,min,r2,rbf,100,0.01,,-1.0939701730017923
E,min,pcc,rbf,100,0.01,,-0.1501908939892672
E,min,mse,rbf,1,0.1,,0.5813414502348472
E,min,r2,rbf,1,0.1,,-0.17645132985547107
E,min,pcc,rbf,1,0.1,,-0.039873673200097604
E,min,mse,rbf,10,0.1,,0.762646737302732
E,min,r2,rbf,10,0.1,,-0.6125864657350187
E,min,pcc,rbf,10,0.1,,-0.09189951283435249
E,min,mse,rbf,100,0.1,,0.7739060687193223
E,min,r2,rbf,100,0.1,,-0.6406570545573887
E,min,pcc,rbf,100,0.1,,-0.09838491470456306
E,min,mse,rbf,1,1,,0.5381441259767634
E,min,r2,rbf,1,1,,-0.06526105688937969
E,min,pcc,rbf,1,1,,0.05902087231120673
E,min,mse,rbf,10,1,,0.53888559082062
E,min,r2,rbf,10,1,,-0.060735480700668455
E,min,pcc,rbf,10,1,,0.057410180163213906
E,min,mse,rbf,100,1,,0.53888559082062
E,min,r2,rbf,100,1,,-0.060735480700668455
E,min,pcc,rbf,100,1,,0.057410180163213906
E,min,mse,rbf,1,10,,0.5370990715120133
E,min,r2,rbf,1,10,,-0.06718160051333885
E,min,pcc,rbf,1,10,,0.02133041342511848
E,min,mse,rbf,10,10,,0.5356062100756134
E,min,r2,rbf,10,10,,-0.06117112917342824
E,min,pcc,rbf,10,10,,-0.039263407682618094
E,min,mse,rbf,100,10,,0.5356062100756134
E,min,r2,rbf,100,10,,-0.06117112917342824
E,min,pcc,rbf,100,10,,-0.039263407682618094
E,avg,mse,linear,1,,,0.561276422110873
E,avg,r2,linear,1,,,-0.18768427536334734
E,avg,pcc,linear,1,,,0.10523300963769051
E,avg,mse,poly,1,,2,0.5449120321055471
E,avg,r2,poly,1,,2,-0.12439993014810324
E,avg,pcc,poly,1,,2,0.11554902915553669
E,avg,mse,poly,10,,2,0.7275724753732961
E,avg,r2,poly,10,,2,-0.41922640339439
E,avg,pcc,poly,10,,2,0.04144540867454835
E,avg,mse,poly,100,,2,0.728828145332824
E,avg,r2,poly,100,,2,-0.42181946832755113
E,avg,pcc,poly,100,,2,0.04145851316979692
E,avg,mse,poly,1,,3,0.5400618801292394
E,avg,r2,poly,1,,3,-0.09156556524044794
E,avg,pcc,poly,1,,3,0.11768549410055487
E,avg,mse,poly,10,,3,0.6872021364344081
E,avg,r2,poly,10,,3,-0.322858319232285
E,avg,pcc,poly,10,,3,0.06089901168435476
E,avg,mse,poly,100,,3,0.6872021364344081
E,avg,r2,poly,100,,3,-0.322858319232285
E,avg,pcc,poly,100,,3,0.06089901168435476
E,avg,mse,rbf,1,0.01,,0.5524198798112964
E,avg,r2,rbf,1,0.01,,-0.11656079546718727
E,avg,pcc,rbf,1,0.01,,-0.028170911591954118
E,avg,mse,rbf,10,0.01,,0.5542736212010457
E,avg,r2,rbf,10,0.01,,-0.1380350939913079
E,avg,pcc,rbf,10,0.01,,0.03752974934075889
E,avg,mse,rbf,100,0.01,,0.5937855285753978
E,avg,r2,rbf,100,0.01,,-0.21942162184513486
E,avg,pcc,rbf,100,0.01,,0.08814293680540977
E,avg,mse,rbf,1,0.1,,0.5535872740023435
E,avg,r2,rbf,1,0.1,,-0.12916221142648573
E,avg,pcc,rbf,1,0.1,,0.021637337909903985
E,avg,mse,rbf,10,0.1,,0.5854842456852319
E,avg,r2,rbf,10,0.1,,-0.20013695565323336
E,avg,pcc,rbf,10,0.1,,0.09297986836066048
E,avg,mse,rbf,100,0.1,,0.743469273971102
E,avg,r2,rbf,100,0.1,,-0.51592452667295
E,avg,pcc,rbf,100,0.1,,0.0391965303172717
E,avg,mse,rbf,1,1,,0.5359335024672232
E,avg,r2,rbf,1,1,,-0.07723380988429694
E,avg,pcc,rbf,1,1,,0.1294602778266772
E,avg,mse,rbf,10,1,,0.559280993300761
E,avg,r2,rbf,10,1,,-0.12383913717317471
E,avg,pcc,rbf,10,1,,0.12261780180950987
E,avg,mse,rbf,100,1,,0.559280993300761
E,avg,r2,rbf,100,1,,-0.12383913717317471
E,avg,pcc,rbf,100,1,,0.12261780180950987
E,avg,mse,rbf,1,10,,0.5363137207337311
E,avg,r2,rbf,1,10,,-0.06584507062574688
E,avg,pcc,rbf,1,10,,0.19026819747210605
E,avg,mse,rbf,10,10,,0.5347500889847193
E,avg,r2,rbf,10,10,,-0.05953478477663967
E,avg,pcc,rbf,10,10,,0.19136493183861
E,avg,mse,rbf,100,10,,0.5347500889847193
E,avg,r2,rbf,100,10,,-0.05953478477663967
E,avg,pcc,rbf,100,10,,0.19136493183861
E,conc,mse,linear,1,,,0.7838530758370151
E,conc,r2,linear,1,,,-0.7245128421450994
E,conc,pcc,linear,1,,,-0.0484676898661031
E,conc,mse,poly,1,,2,0.5695409509344862
E,conc,r2,poly,1,,2,-0.15727593477864282
E,conc,pcc,poly,1,,2,0.0364938785406896
E,conc,mse,poly,10,,2,0.7037366119932834
E,conc,r2,poly,10,,2,-0.4930586619627383
E,conc,pcc,poly,10,,2,-0.021749599556554804
E,conc,mse,poly,100,,2,0.7037366119932834
E,conc,r2,poly,100,,2,-0.4930586619627383
E,conc,pcc,poly,100,,2,-0.021749599556554804
E,conc,mse,poly,1,,3,0.5764043938044763
E,conc,r2,poly,1,,3,-0.15876967129456418
E,conc,pcc,poly,1,,3,0.05610120420161432
E,conc,mse,poly,10,,3,0.6685840748742414
E,conc,r2,poly,10,,3,-0.3848765173120743
E,conc,pcc,poly,10,,3,0.020352415818074225
E,conc,mse,poly,100,,3,0.6685840748742414
E,conc,r2,poly,100,,3,-0.3848765173120743
E,conc,pcc,poly,100,,3,0.020352415818074225
E,conc,mse,rbf,1,0.01,,0.5563537351652899
E,conc,r2,rbf,1,0.01,,-0.11589176091751778
E,conc,pcc,rbf,1,0.01,,-0.02610983584483839
E,conc,mse,rbf,10,0.01,,0.5994659168847505
E,conc,r2,rbf,10,0.01,,-0.25129592282797225
E,conc,pcc,rbf,10,0.01,,0.028145841073707222
E,conc,mse,rbf,100,0.01,,0.7421682652042572
E,conc,r2,rbf,100,0.01,,-0.5922258360332944
E,conc,pcc,rbf,100,0.01,,-0.04957044122096259
E,conc,mse,rbf,1,0.1,,0.5624192172773618
E,conc,r2,rbf,1,0.1,,-0.14645921920052904
E,conc,pcc,rbf,1,0.1,,0.0011605371994127145
E,conc,mse,rbf,10,0.1,,0.611362509178224
E,conc,r2,rbf,10,0.1,,-0.24451554605569767
E,conc,pcc,rbf,10,0.1,,-0.06483667504311548
E,conc,mse,rbf,100,0.1,,0.611362509178224
E,conc,r2,rbf,100,0.1,,-0.24451554605569767
E,conc,pcc,rbf,100,0.1,,-0.06483667504311548
E,conc,mse,rbf,1,1,,0.5369170204321732
E,conc,r2,rbf,1,1,,-0.0664867447444473
E,conc,pcc,rbf,1,1,,0.0573429040703901
E,conc,mse,rbf,10,1,,0.5354866921855753
E,conc,r2,rbf,10,1,,-0.060394861099915896
E,conc,pcc,rbf,10,1,,0.047005027666303975
E,conc,mse,rbf,100,1,,0.5354866921855753
E,conc,r2,rbf,100,1,,-0.060394861099915896
E,conc,pcc,rbf,100,1,,0.047005027666303975
E,conc,mse,rbf,1,10,,0.5370990716180863
E,conc,r2,rbf,1,10,,-0.0671816009338384
E,conc,pcc,rbf,1,10,,nan
E,conc,mse,rbf,10,10,,0.5356062101899466
E,conc,r2,rbf,10,10,,-0.06117112971813987
E,conc,pcc,rbf,10,10,,nan
E,conc,mse,rbf,100,10,,0.5356062101899466
E,conc,r2,rbf,100,10,,-0.06117112971813987
E,conc,pcc,rbf,100,10,,nan
A,sum,mse,linear,1,,,0.8038179717707422
A,sum,r2,linear,1,,,-0.7923405761854564
A,sum,pcc,linear,1,,,0.065047757689514
A,sum,mse,poly,1,,2,0.5916078440278059
A,sum,r2,poly,1,,2,-0.21941418876905922
A,sum,pcc,poly,1,,2,0.2791350594006706
A,sum,mse,poly,10,,2,0.7716189611202104
A,sum,r2,poly,10,,2,-0.6635150164103619
A,sum,pcc,poly,10,,2,0.19493346066502665
A,sum,mse,poly,100,,2,1.3107978533851716
A,sum,r2,poly,100,,2,-1.8711013982088318
A,sum,pcc,poly,100,,2,0.1677381019371227
A,sum,mse,poly,1,,3,0.6625283754120324
A,sum,r2,poly,1,,3,-0.3516889435286813
A,sum,pcc,poly,1,,3,0.2298811750998059
A,sum,mse,poly,10,,3,1.091651512562762
A,sum,r2,poly,10,,3,-1.152598889140671
A,sum,pcc,poly,10,,3,0.16432740227604534
A,sum,mse,poly,100,,3,9.19443599684274
A,sum,r2,poly,100,,3,-26.484749275534426
A,sum,pcc,poly,100,,3,0.15975920916113165
A,sum,mse,rbf,1,0.01,,0.49773754401448295
A,sum,r2,rbf,1,0.01,,0.0019927760339629175
A,sum,pcc,rbf,1,0.01,,0.44093108018658017
A,sum,mse,rbf,10,0.01,,0.4970749876750987
A,sum,r2,rbf,10,0.01,,-0.015981573851279084
A,sum,pcc,rbf,10,0.01,,0.40704652706394046
A,sum,mse,rbf,100,0.01,,0.4996254630126404
A,sum,r2,rbf,100,0.01,,-0.020709112832948573
A,sum,pcc,rbf,100,0.01,,0.40502031620896856
A,sum,mse,rbf,1,0.1,,0.5709160358671502
A,sum,r2,rbf,1,0.1,,-0.14982272378593375
A,sum,pcc,rbf,1,0.1,,0.2848941275406445
A,sum,mse,rbf,10,0.1,,0.5685925353515126
A,sum,r2,rbf,10,0.1,,-0.14192375248505626
A,sum,pcc,rbf,10,0.1,,0.28531957643671574
A,sum,mse,rbf,100,0.1,,0.5685925353515126
A,sum,r2,rbf,100,0.1,,-0.14192375248505626
A,sum,pcc,rbf,100,0.1,,0.28531957643671574
A,sum,mse,rbf,1,1,,0.5928226468069375
A,sum,r2,rbf,1,1,,-0.21156758280013124
A,sum,pcc,rbf,1,1,,-0.04805535730562034
A,sum,mse,rbf,10,1,,0.5909494089845464
A,sum,r2,rbf,10,1,,-0.20592845707205482
A,sum,pcc,rbf,10,1,,-0.047600366565189144
A,sum,mse,rbf,100,1,,0.5909494089845464
A,sum,r2,rbf,100,1,,-0.20592845707205482
A,sum,pcc,rbf,100,1,,-0.047600366565189144
A,sum,mse,rbf,1,10,,0.5928226040026007
A,sum,r2,rbf,1,10,,-0.21156756010952424
A,sum,pcc,rbf,1,10,,nan
A,sum,mse,rbf,10,10,,0.5909493761400071
A,sum,r2,rbf,10,10,,-0.20592846577908017
A,sum,pcc,rbf,10,10,,nan
A,sum,mse,rbf,100,10,,0.5909493761400071
A,sum,r2,rbf,100,10,,-0.20592846577908017
A,sum,pcc,rbf,100,10,,nan
A,max,mse,linear,1,,,0.7607449465971701
A,max,r2,linear,1,,,-0.6368586726058748
A,max,pcc,linear,1,,,-0.02649435715111057
A,max,mse,poly,1,,2,0.7257174605526764
A,max,r2,poly,1,,2,-0.5266456348504669
A,max,pcc,poly,1,,2,-0.023020946884787504
A,max,mse,poly,10,,2,0.7643697728344467
A,max,r2,poly,10,,2,-0.6207833049022403
A,max,pcc,poly,10,,2,-0.056063465143675495
A,max,mse,poly,100,,2,0.7643697728344467
A,max,r2,poly,100,,2,-0.6207833049022403
A,max,pcc,poly,100,,2,-0.056063465143675495
A,max,mse,poly,1,,3,0.7445440798625639
A,max,r2,poly,1,,3,-0.5463795683344186
A,max,pcc,poly,1,,3,-0.03394069002548487
A,max,mse,poly,10,,3,0.7585388582641561
A,max,r2,poly,10,,3,-0.5823627677287784
A,max,pcc,poly,10,,3,-0.05444592307918389
A,max,mse,poly,100,,3,0.7585388582641561
A,max,r2,poly,100,,3,-0.5823627677287784
A,max,pcc,poly,100,,3,-0.05444592307918389
A,max,mse,rbf,1,0.01,,0.6024411405128611
A,max,r2,rbf,1,0.01,,-0.2261367887748998
A,max,pcc,rbf,1,0.01,,0.12002763934807006
A,max,mse,rbf,10,0.01,,0.6361681592529349
A,max,r2,rbf,10,0.01,,-0.3109057952809068
A,max,pcc,rbf,10,0.01,,0.08240863760332252
A,max,mse,rbf,100,0.01,,0.8170054439970602
A,max,r2,rbf,100,0.01,,-0.7742294167407225
A,max,pcc,rbf,100,0.01,,-0.052147456028112237
A,max,mse,rbf,1,0.1,,0.5983322046955373
A,max,r2,rbf,1,0.1,,-0.2240563721044042
A,max,pcc,rbf,1,0.1,,0.12833669884692714
A,max,mse,rbf,10,0.1,,0.7081666604410882
A,max,r2,rbf,10,0.1,,-0.509310613587717
A,max,pcc,rbf,10,0.1,,0.009474350363846936
A,max,mse,rbf,100,0.1,,0.7081666604410882
A,max,r2,rbf,100,0.1,,-0.509310613587717
A,max,pcc,rbf,100,0.1,,0.009474350363846936
A,max,mse,rbf,1,1,,0.5605276492370181
A,max,r2,rbf,1,1,,-0.14568725243845365
A,max,pcc,rbf,1,1,,0.25699680784035445
A,max,mse,rbf,10,1,,0.5613658627306725
A,max,r2,rbf,10,1,,-0.14835599433543395
A,max,pcc,rbf,10,1,,0.243294439062851
A,max,mse,rbf,100,1,,0.5613658627306725
A,max,r2,rbf,100,1,,-0.14835599433543395
A,max,pcc,rbf,100,1,,0.243294439062851
A,max,mse,rbf,1,10,,0.5928226026243794
A,max,r2,rbf,1,10,,-0.2115675579273951
A,max,pcc,rbf,1,10,,-0.0013630780751565318
A,max,mse,rbf,10,10,,0.5909493747074657
A,max,r2,rbf,10,10,,-0.2059284635884512
A,max,pcc,rbf,10,10,,0.003312735385477955
A,max,mse,rbf,100,10,,0.5909493747074657
A,max,r2,rbf,100,10,,-0.2059284635884512
A,max,pcc,rbf,100,10,,0.003312735385477955
A,min,mse,linear,1,,,0.7003415003558626
A,min,r2,linear,1,,,-0.49825772959403897
A,min,pcc,linear,1,,,0.09748968476842959
A,min,mse,poly,1,,2,0.6439232676493158
A,min,r2,poly,1,,2,-0.35237277522716737
A,min,pcc,poly,1,,2,0.13494133125136037
A,min,mse,poly,10,,2,0.6717370602638643
A,min,r2,poly,10,,2,-0.4077889001058629
A,min,pcc,poly,10,,2,0.1132548666908622
A,min,mse,poly,100,,2,0.6717370602638643
A,min,r2,poly,100,,2,-0.4077889001058629
A,min,pcc,poly,100,,2,0.1132548666908622
A,min,mse,poly,1,,3,0.659042169668186
A,min,r2,poly,1,,3,-0.3634773241984779
A,min,pcc,poly,1,,3,0.14903833108634829
A,min,mse,poly,10,,3,0.6603546728716743
A,min,r2,poly,10,,3,-0.36618013206740824
A,min,pcc,poly,10,,3,0.148038693954457
A,min,mse,poly,100,,3,0.6603546728716743
A,min,r2,poly,100,,3,-0.36618013206740824
A,min,pcc,poly,100,,3,0.148038693954457
A,min,mse,rbf,1,0.01,,0.5915275587055661
A,min,r2,rbf,1,0.01,,-0.20206259045327307
A,min,pcc,rbf,1,0.01,,0.2388414291471112
A,min,mse,rbf,10,0.01,,0.5736890585900907
A,min,r2,rbf,10,0.01,,-0.1740491095829933
A,min,pcc,rbf,10,0.01,,0.2165130142810734
A,min,mse,rbf,100,0.01,,0.7372084486128185
A,min,r2,rbf,100,0.01,,-0.5824584207543076
A,min,pcc,rbf,100,0.01,,0.0815798386944296
A,min,mse,rbf,1,0.1,,0.5577152631834579
A,min,r2,rbf,1,0.1,,-0.13216909821605252
A,min,pcc,rbf,1,0.1,,0.258480427801918
A,min,mse,rbf,10,0.1,,0.6176788990132687
A,min,r2,rbf,10,0.1,,-0.2907518310680287
A,min,pcc,rbf,10,0.1,,0.1901555341164814
A,min,mse,rbf,100,0.1,,0.6176788990132687
A,min,r2,rbf,100,0.1,,-0.2907518310680287
A,min,pcc,rbf,100,0.1,,0.1901555341164814
A,min,mse,rbf,1,1,,0.5269625848621997
A,min,r2,rbf,1,1,,-0.06422289407448331
A,min,pcc,rbf,1,1,,0.4322941927575591
A,min,mse,rbf,10,1,,0.5272781149077197
A,min,r2,rbf,10,1,,-0.06428267962277975
A,min,pcc,rbf,10,1,,0.4227672124044696
A,min,mse,rbf,100,1,,0.5272781149077197
A,min,r2,rbf,100,1,,-0.06428267962277975
A,min,pcc,rbf,100,1,,0.4227672124044696
A,min,mse,rbf,1,10,,0.5928226024264249
A,min,r2,rbf,1,10,,-0.21156755664261545
A,min,pcc,rbf,1,10,,0.3572823994854275
A,min,mse,rbf,10,10,,0.5909493745244628
A,min,r2,rbf,10,10,,-0.20592846232734444
A,min,pcc,rbf,10,10,,0.35719317462932004
A,min,mse,rbf,100,10,,0.5909493745244628
A,min,r2,rbf,100,10,,-0.20592846232734444
A,min,pcc,rbf,100,10,,0.35719317462932004
A,avg,mse,linear,1,,,0.606198861018141
A,avg,r2,linear,1,,,-0.23097397298699712
A,avg,pcc,linear,1,,,0.19670061042064946
A,avg,mse,poly,1,,2,0.5846411739094556
A,avg,r2,poly,1,,2,-0.18094593163636633
A,avg,pcc,poly,1,,2,0.18954397149158075
A,avg,mse,poly,10,,2,0.7196314907892318
A,avg,r2,poly,10,,2,-0.5583630712658104
A,avg,pcc,poly,10,,2,0.1265009300606974
A,avg,mse,poly,100,,2,0.7191882866583988
A,avg,r2,poly,100,,2,-0.5574795286846663
A,avg,pcc,poly,100,,2,0.12691358547833448
A,avg,mse,poly,1,,3,0.588610328376675
A,avg,r2,poly,1,,3,-0.19192140306808242
A,avg,pcc,poly,1,,3,0.18283388031119047
A,avg,mse,poly,10,,3,0.6796701275404617
A,avg,r2,poly,10,,3,-0.4744498745841839
A,avg,pcc,poly,10,,3,0.14086205882285197
A,avg,mse,poly,100,,3,0.6795273383313504
A,avg,r2,poly,100,,3,-0.47428161681653414
A,avg,pcc,poly,100,,3,0.1408063324384962
A,avg,mse,rbf,1,0.01,,0.6127911913651438
A,avg,r2,rbf,1,0.01,,-0.24970840088673052
A,avg,pcc,rbf,1,0.01,,0.10780741644571874
A,avg,mse,rbf,10,0.01,,0.5880073171608823
A,avg,r2,rbf,10,0.01,,-0.18669273556207713
A,avg,pcc,rbf,10,0.01,,0.19555220968314374
A,avg,mse,rbf,100,0.01,,0.6486053597654335
A,avg,r2,rbf,100,0.01,,-0.35721754102589676
A,avg,pcc,rbf,100,0.01,,0.1716945804400336
A,avg,mse,rbf,1,0.1,,0.592026541030681
A,avg,r2,rbf,1,0.1,,-0.19626547731295396
A,avg,pcc,rbf,1,0.1,,0.17769052273710226
A,avg,mse,rbf,10,0.1,,0.6205919998656115
A,avg,r2,rbf,10,0.1,,-0.29538426801795126
A,avg,pcc,rbf,10,0.1,,0.1754174936924923
A,avg,mse,rbf,100,0.1,,0.7327877517615626
A,avg,r2,rbf,100,0.1,,-0.5895641406943162
A,avg,pcc,rbf,100,0.1,,0.10529183652239493
A,avg,mse,rbf,1,1,,0.5709279817739794
A,avg,r2,rbf,1,1,,-0.16284450850533774
A,avg,pcc,rbf,1,1,,0.17566646586420614
A,avg,mse,rbf,10,1,,0.5829057902531852
A,avg,r2,rbf,10,1,,-0.23105510600609352
A,avg,pcc,rbf,10,1,,0.12243457231701979
A,avg,mse,rbf,100,1,,0.5829057902531852
A,avg,r2,rbf,100,1,,-0.23105510600609352
A,avg,pcc,rbf,100,1,,0.12243457231701979
A,avg,mse,rbf,1,10,,0.5925290530206414
A,avg,r2,rbf,1,10,,-0.2110655826399083
A,avg,pcc,rbf,1,10,,0.08517306942526445
A,avg,mse,rbf,10,10,,0.590705091184796
A,avg,r2,rbf,10,10,,-0.2055658684960359
A,avg,pcc,rbf,10,10,,0.07658942675461215
A,avg,mse,rbf,100,10,,0.590705091184796
A,avg,r2,rbf,100,10,,-0.2055658684960359
A,avg,pcc,rbf,100,10,,0.07658942675461215
A,conc,mse,linear,1,,,0.7052328641038444
A,conc,r2,linear,1,,,-0.5103988531985036
A,conc,pcc,linear,1,,,0.00778174964585437
A,conc,mse,poly,1,,2,0.5712890301274811
A,conc,r2,poly,1,,2,-0.1601985118008701
A,conc,pcc,poly,1,,2,0.22174282614416022
A,conc,mse,poly,10,,2,0.6479974183605733
A,conc,r2,poly,10,,2,-0.3628909307183938
A,conc,pcc,poly,10,,2,0.05497140015595682
A,conc,mse,poly,100,,2,0.6479974183605733
A,conc,r2,poly,100,,2,-0.3628909307183938
A,conc,pcc,poly,100,,2,0.05497140015595682
A,conc,mse,poly,1,,3,0.564575257851507
A,conc,r2,poly,1,,3,-0.14583060639610346
A,conc,pcc,poly,1,,3,0.22028534894891677
A,conc,mse,poly,10,,3,0.6334219167744669
A,conc,r2,poly,10,,3,-0.3154431222150632
A,conc,pcc,poly,10,,3,0.08789486475060918
A,conc,mse,poly,100,,3,0.6333848826627861
A,conc,r2,poly,100,,3,-0.31524462771322304
A,conc,pcc,poly,100,,3,0.08818605824037039
A,conc,mse,rbf,1,0.01,,0.5876883482336563
A,conc,r2,rbf,1,0.01,,-0.19487537285552986
A,conc,pcc,rbf,1,0.01,,0.19505357679213786
A,conc,mse,rbf,10,0.01,,0.6125024220201332
A,conc,r2,rbf,10,0.01,,-0.2724096674932909
A,conc,pcc,rbf,10,0.01,,0.13667836400244926
A,conc,mse,rbf,100,0.01,,0.6774344761834996
A,conc,r2,rbf,100,0.01,,-0.4447968248763555
A,conc,pcc,rbf,100,0.01,,0.045016912597439576
A,conc,mse,rbf,1,0.1,,0.5530190019062916
A,conc,r2,rbf,1,0.1,,-0.1226051795260557
A,conc,pcc,rbf,1,0.1,,0.24502355883491372
A,conc,mse,rbf,10,0.1,,0.5742701827049477
A,conc,r2,rbf,10,0.1,,-0.18829805315968007
A,conc,pcc,rbf,10,0.1,,0.1797164036995904
A,conc,mse,rbf,100,0.1,,0.5742701827049477
A,conc,r2,rbf,100,0.1,,-0.18829805315968007
A,conc,pcc,rbf,100,0.1,,0.1797164036995904
A,conc,mse,rbf,1,1,,0.5890423824938725
A,conc,r2,rbf,1,1,,-0.20359812760761478
A,conc,pcc,rbf,1,1,,0.37182074085006
A,conc,mse,rbf,10,1,,0.5869431805504405
A,conc,r2,rbf,10,1,,-0.19761006369623185
A,conc,pcc,rbf,10,1,,0.37470876698066097
A,conc,mse,rbf,100,1,,0.5869431805504405
A,conc,r2,rbf,100,1,,-0.19761006369623185
A,conc,pcc,rbf,100,1,,0.37470876698066097
A,conc,mse,rbf,1,10,,0.5928226040026007
A,conc,r2,rbf,1,10,,-0.21156756010952424
A,conc,pcc,rbf,1,10,,nan
A,conc,mse,rbf,10,10,,0.5909493761400071
A,conc,r2,rbf,10,10,,-0.20592846577908017
A,conc,pcc,rbf,10,10,,nan
A,conc,mse,rbf,100,10,,0.5909493761400071
A,conc,r2,rbf,100,10,,-0.20592846577908017
A,conc,pcc,rbf,100,10,,nan
N,sum,mse,linear,1,,,0.9034837077745765
N,sum,r2,linear,1,,,-0.9470902864361743
N,sum,pcc,linear,1,,,0.23774519931415017
N,sum,mse,poly,1,,2,0.5717408880949593
N,sum,r2,poly,1,,2,-0.06998603167874508
N,sum,pcc,poly,1,,2,0.2826257821237602
N,sum,mse,poly,10,,2,1.150434777645539
N,sum,r2,poly,10,,2,-1.7401002255651061
N,sum,pcc,poly,10,,2,0.25970090029974263
N,sum,mse,poly,100,,2,5.385024771723817
N,sum,r2,poly,100,,2,-13.327890591555596
N,sum,pcc,poly,100,,2,0.2243326482763078
N,sum,mse,poly,1,,3,0.642185741196737
N,sum,r2,poly,1,,3,-0.27057750567395356
N,sum,pcc,poly,1,,3,0.2348649392769775
N,sum,mse,poly,10,,3,2.0339726517869527
N,sum,r2,poly,10,,3,-4.363014560964984
N,sum,pcc,poly,10,,3,0.18297391465157226
N,sum,mse,poly,100,,3,35.357127745558614
N,sum,r2,poly,100,,3,-101.11124725536358
N,sum,pcc,poly,100,,3,0.15664424761341905
N,sum,mse,rbf,1,0.01,,0.538620455642582
N,sum,r2,rbf,1,0.01,,0.014524338547601323
N,sum,pcc,rbf,1,0.01,,0.3280397786714887
N,sum,mse,rbf,10,0.01,,0.5661592196370003
N,sum,r2,rbf,10,0.01,,-0.1173936428783842
N,sum,pcc,rbf,10,0.01,,0.3214770687988401
N,sum,mse,rbf,100,0.01,,0.5656066395814687
N,sum,r2,rbf,100,0.01,,-0.11655115572564564
N,sum,pcc,rbf,100,0.01,,0.31577970096851066
N,sum,mse,rbf,1,0.1,,0.5808618954170026
N,sum,r2,rbf,1,0.1,,-0.08797432801247489
N,sum,pcc,rbf,1,0.1,,0.13468255016567748
N,sum,mse,rbf,10,0.1,,0.579652020865119
N,sum,r2,rbf,10,0.1,,-0.10513388970179367
N,sum,pcc,rbf,10,0.1,,0.11616855130641679
N,sum,mse,rbf,100,0.1,,0.579652020865119
N,sum,r2,rbf,100,0.1,,-0.10513388970179367
N,sum,pcc,rbf,100,0.1,,0.11616855130641679
N,sum,mse,rbf,1,1,,0.5952898488055925
N,sum,r2,rbf,1,1,,-0.14142422694075654
N,sum,pcc,rbf,1,1,,0.322681249806403
N,sum,mse,rbf,10,1,,0.5930621492524363
N,sum,r2,rbf,10,1,,-0.15269623971398166
N,sum,pcc,rbf,10,1,,0.31841032924451385
N,sum,mse,rbf,100,1,,0.5930621492524363
N,sum,r2,rbf,100,1,,-0.15269623971398166
N,sum,pcc,rbf,100,1,,0.31841032924451385
N,sum,mse,rbf,1,10,,0.5952906093849057
N,sum,r2,rbf,1,10,,-0.1414265802934773
N,sum,pcc,rbf,1,10,,nan
N,sum,mse,rbf,10,10,,0.5930628497816838
N,sum,r2,rbf,10,10,,-0.1526984527287138
N,sum,pcc,rbf,10,10,,nan
N,sum,mse,rbf,100,10,,0.5930628497816838
N,sum,r2,rbf,100,10,,-0.1526984527287138
N,sum,pcc,rbf,100,10,,nan
N,max,mse,linear,1,,,0.5942439010975311
N,max,r2,linear,1,,,-0.07930211273960393
N,max,pcc,linear,1,,,0.26882994011589495
N,max,mse,poly,1,,2,0.578165363008307
N,max,r2,poly,1,,2,-0.049926986564606944
N,max,pcc,poly,1,,2,0.3042395006825225
N,max,mse,poly,10,,2,0.6105382180443819
N,max,r2,poly,10,,2,-0.1396210101755122
N,max,pcc,poly,10,,2,0.28934445648416257
N,max,mse,poly,100,,2,0.6105382180443819
N,max,r2,poly,100,,2,-0.1396210101755122
N,max,pcc,poly,100,,2,0.28934445648416257
N,max,mse,poly,1,,3,0.6362577915861356
N,max,r2,poly,1,,3,-0.1811409005006202
N,max,pcc,poly,1,,3,0.2966958278057532
N,max,mse,poly,10,,3,0.6434894052328849
N,max,r2,poly,10,,3,-0.20393953496705416
N,max,pcc,poly,10,,3,0.29145028929383465
N,max,mse,poly,100,,3,0.6434894052328849
N,max,r2,poly,100,,3,-0.20393953496705416
N,max,pcc,poly,100,,3,0.29145028929383465
N,max,mse,rbf,1,0.01,,0.5661707584229292
N,max,r2,rbf,1,0.01,,-0.07421821117302356
N,max,pcc,rbf,1,0.01,,0.31997242792946845
N,max,mse,rbf,10,0.01,,0.5626201322537036
N,max,r2,rbf,10,0.01,,-0.019746622066881082
N,max,pcc,rbf,10,0.01,,0.3154709105538335
N,max,mse,rbf,100,0.01,,0.6119867767449032
N,max,r2,rbf,100,0.01,,-0.1399959905975102
N,max,pcc,rbf,100,0.01,,0.2703529070263731
N,max,mse,rbf,1,0.1,,0.578791240393388
N,max,r2,rbf,1,0.1,,-0.05740536318822652
N,max,pcc,rbf,1,0.1,,0.26592914294889264
N,max,mse,rbf,10,0.1,,0.5816781017264283
N,max,r2,rbf,10,0.1,,-0.08543446385185904
N,max,pcc,rbf,10,0.1,,0.2842643345060973
N,max,mse,rbf,100,0.1,,0.5810918635058492
N,max,r2,rbf,100,0.1,,-0.08458252963157574
N,max,pcc,rbf,100,0.1,,0.28550728342308784
N,max,mse,rbf,1,1,,0.5600876039500126
N,max,r2,rbf,1,1,,-0.05639217604782785
N,max,pcc,rbf,1,1,,0.32949149863672383
N,max,mse,rbf,10,1,,0.5537570468480022
N,max,r2,rbf,10,1,,-0.061871102466365194
N,max,pcc,rbf,10,1,,0.339966814015814
N,max,mse,rbf,100,1,,0.5537570468480022
N,max,r2,rbf,100,1,,-0.061871102466365194
N,max,pcc,rbf,100,1,,0.339966814015814
N,max,mse,rbf,1,10,,0.5952906122356751
N,max,r2,rbf,1,10,,-0.14142658496540922
N,max,pcc,rbf,1,10,,-0.020852661435396526
N,max,mse,rbf,10,10,,0.5930628529148321
N,max,r2,rbf,10,10,,-0.15269845819438518
N,max,pcc,rbf,10,10,,-0.0034417880172543823
N,max,mse,rbf,100,10,,0.5930628529148321
N,max,r2,rbf,100,10,,-0.15269845819438518
N,max,pcc,rbf,100,10,,-0.0034417880172543823
N,min,mse,linear,1,,,0.782866181956565
N,min,r2,linear,1,,,-0.5050974668209928
N,min,pcc,linear,1,,,0.046796456488276836
N,min,mse,poly,1,,2,0.7199428812753383
N,min,r2,poly,1,,2,-0.3863318331623294
N,min,pcc,poly,1,,2,0.11639637421398419
N,min,mse,poly,10,,2,0.7857994973233643
N,min,r2,poly,10,,2,-0.5940737350011489
N,min,pcc,poly,10,,2,0.08371287097490955
N,min,mse,poly,100,,2,0.7857994973233643
N,min,r2,poly,100,,2,-0.5940737350011489
N,min,pcc,poly,100,,2,0.08371287097490955
N,min,mse,poly,1,,3,0.7648429600776715
N,min,r2,poly,1,,3,-0.557255829713055
N,min,pcc,poly,1,,3,0.12604322486682046
N,min,mse,poly,10,,3,0.7677972876490269
N,min,r2,poly,10,,3,-0.5626678592582854
N,min,pcc,poly,10,,3,0.1268508586192803
N,min,mse,poly,100,,3,0.7677972876490269
N,min,r2,poly,100,,3,-0.5626678592582854
N,min,pcc,poly,100,,3,0.1268508586192803
N,min,mse,rbf,1,0.01,,0.5651764815540506
N,min,r2,rbf,1,0.01,,-0.058512205892534974
N,min,pcc,rbf,1,0.01,,0.3442500074541652
N,min,mse,rbf,10,0.01,,0.5688240734950293
N,min,r2,rbf,10,0.01,,0.005200758990752163
N,min,pcc,rbf,10,0.01,,0.3179584908705993
N,min,mse,rbf,100,0.01,,0.8407681752631426
N,min,r2,rbf,100,0.01,,-0.6983254175372478
N,min,pcc,rbf,100,0.01,,0.023659123729308996
N,min,mse,rbf,1,0.1,,0.5576430388477753
N,min,r2,rbf,1,0.1,,0.016250212568390498
N,min,pcc,rbf,1,0.1,,0.3269193662531091
N,min,mse,rbf,10,0.1,,0.7126040323529373
N,min,r2,rbf,10,0.1,,-0.38438396916760736
N,min,pcc,rbf,10,0.1,,0.07414757454105185
N,min,mse,rbf,100,0.1,,0.7233533635068092
N,min,r2,rbf,100,0.1,,-0.4176964191248437
N,min,pcc,rbf,100,0.1,,0.0642435153891661
N,min,mse,rbf,1,1,,0.5809021501502603
N,min,r2,rbf,1,1,,-0.0875986721583418
N,min,pcc,rbf,1,1,,0.17096715236065574
N,min,mse,rbf,10,1,,0.5789738443532082
N,min,r2,rbf,10,1,,-0.10481796244741189
N,min,pcc,rbf,10,1,,0.1566707695045726
N,min,mse,rbf,100,1,,0.5789738443532082
N,min,r2,rbf,100,1,,-0.10481796244741189
N,min,pcc,rbf,100,1,,0.1566707695045726
N,min,mse,rbf,1,10,,0.5952904567566784
N,min,r2,rbf,1,10,,-0.14142643812398087
N,min,pcc,rbf,1,10,,0.04399362497940544
N,min,mse,rbf,10,10,,0.5930628492782495
N,min,r2,rbf,10,10,,-0.15269845198064225
N,min,pcc,rbf,10,10,,-0.01618710757997956
N,min,mse,rbf,100,10,,0.5930628492782495
N,min,r2,rbf,100,10,,-0.15269845198064225
N,min,pcc,rbf,100,10,,-0.01618710757997956
N,avg,mse,linear,1,,,0.5828572663200491
N,avg,r2,linear,1,,,-0.06939869563440443
N,avg,pcc,linear,1,,,0.17676681391907959
N,avg,mse,poly,1,,2,0.5614648633858355
N,avg,r2,poly,1,,2,-0.021226644412695617
N,avg,pcc,poly,1,,2,0.1945632971737127
N,avg,mse,poly,10,,2,0.6117098818744424
N,avg,r2,poly,10,,2,-0.22613031719165094
N,avg,pcc,poly,10,,2,0.2903016814782374
N,avg,mse,poly,100,,2,0.6102909676932807
N,avg,r2,poly,100,,2,-0.22451864740704033
N,avg,pcc,poly,100,,2,0.29231648399402166
N,avg,mse,poly,1,,3,0.5557437614321132
N,avg,r2,poly,1,,3,-0.007641743553144853
N,avg,pcc,poly,1,,3,0.21379913038030032
N,avg,mse,poly,10,,3,0.5814793956252036
N,avg,r2,poly,10,,3,-0.14169657000442246
N,avg,pcc,poly,10,,3,0.30905694245424986
N,avg,mse,poly,100,,3,0.5814793956252036
N,avg,r2,poly,100,,3,-0.14169657000442246
N,avg,pcc,poly,100,,3,0.30905694245424986
N,avg,mse,rbf,1,0.01,,0.5897441280924342
N,avg,r2,rbf,1,0.01,,-0.14141498101374728
N,avg,pcc,rbf,1,0.01,,0.26050369133344564
N,avg,mse,rbf,10,0.01,,0.5591956769493868
N,avg,r2,rbf,10,0.01,,-0.03682620597698065
N,avg,pcc,rbf,10,0.01,,0.2619835609633761
N,avg,mse,rbf,100,0.01,,0.6052681450279258
N,avg,r2,rbf,100,0.01,,-0.14672329150361746
N,avg,pcc,rbf,100,0.01,,0.20654577168196103
N,avg,mse,rbf,1,0.1,,0.5611977978911395
N,avg,r2,rbf,1,0.1,,-0.0425968845253258
N,avg,pcc,rbf,1,0.1,,0.2775699656049756
N,avg,mse,rbf,10,0.1,,0.5924928579217636
N,avg,r2,rbf,10,0.1,,-0.10608805599495677
N,avg,pcc,rbf,10,0.1,,0.2156689489388675
N,avg,mse,rbf,100,0.1,,0.6262088647838414
N,avg,r2,rbf,100,0.1,,-0.2793103401056958
N,avg,pcc,rbf,100,0.1,,0.27996592982245283
N,avg,mse,rbf,1,1,,0.5577333307004038
N,avg,r2,rbf,1,1,,-0.010104195222045509
N,avg,pcc,rbf,1,1,,0.2559285388549236
N,avg,mse,rbf,10,1,,0.5420256615944496
N,avg,r2,rbf,10,1,,-0.021218285931074242
N,avg,pcc,rbf,10,1,,0.3120225963097489
N,avg,mse,rbf,100,1,,0.5420256615944496
N,avg,r2,rbf,100,1,,-0.021218285931074242
N,avg,pcc,rbf,100,1,,0.3120225963097489
N,avg,mse,rbf,1,10,,0.5943252021545316
N,avg,r2,rbf,1,10,,-0.13832957685177724
N,avg,pcc,rbf,1,10,,0.1625009874764503
N,avg,mse,rbf,10,10,,0.5919501488433522
N,avg,r2,rbf,10,10,,-0.14890117270821102
N,avg,pcc,rbf,10,10,,0.16285207029547366
N,avg,mse,rbf,100,10,,0.5919501488433522
N,avg,r2,rbf,100,10,,-0.14890117270821102
N,avg,pcc,rbf,100,10,,0.16285207029547366
N,conc,mse,linear,1,,,0.6137983737631487
N,conc,r2,linear,1,,,-0.17915832469393508
N,conc,pcc,linear,1,,,0.23143055395543466
N,conc,mse,poly,1,,2,0.5470694880176442
N,conc,r2,poly,1,,2,0.03458592091209668
N,conc,pcc,poly,1,,2,0.36943472831927304
N,conc,mse,poly,10,,2,0.5910656422782655
N,conc,r2,poly,10,,2,-0.12082541382152953
N,conc,pcc,poly,10,,2,0.2589069357529881
N,conc,mse,poly,100,,2,0.5910656422782655
N,conc,r2,poly,100,,2,-0.12082541382152953
N,conc,pcc,poly,100,,2,0.2589069357529881
N,conc,mse,poly,1,,3,0.5501788023375201
N,conc,r2,poly,1,,3,0.012567789033823485
N,conc,pcc,poly,1,,3,0.3556720597659349
N,conc,mse,poly,10,,3,0.5928709600099993
N,conc,r2,poly,10,,3,-0.12441555069981854
N,conc,pcc,poly,10,,3,0.2627564431147544
N,conc,mse,poly,100,,3,0.5928709600099993
N,conc,r2,poly,100,,3,-0.12441555069981854
N,conc,pcc,poly,100,,3,0.2627564431147544
N,conc,mse,rbf,1,0.01,,0.5497786409046614
N,conc,r2,rbf,1,0.01,,-0.014811139621429093
N,conc,pcc,rbf,1,0.01,,0.35854583160526177
N,conc,mse,rbf,10,0.01,,0.5632768086428191
N,conc,r2,rbf,10,0.01,,-0.0014929979197958686
N,conc,pcc,rbf,10,0.01,,0.31205290218380466
N,conc,mse,rbf,100,0.01,,0.6054026600297172
N,conc,r2,rbf,100,0.01,,-0.15311913317950762
N,conc,pcc,rbf,100,0.01,,0.2348100475037227
N,conc,mse,rbf,1,0.1,,0.5513177968050831
N,conc,r2,rbf,1,0.1,,0.014926401251242139
N,conc,pcc,rbf,1,0.1,,0.3183501135389316
N,conc,mse,rbf,10,0.1,,0.5608066416495386
N,conc,r2,rbf,10,0.1,,-0.053315470986156056
N,conc,pcc,rbf,10,0.1,,0.25934324460770014
N,conc,mse,rbf,100,0.1,,0.5608066416495386
N,conc,r2,rbf,100,0.1,,-0.053315470986156056
N,conc,pcc,rbf,100,0.1,,0.25934324460770014
N,conc,mse,rbf,1,1,,0.5941806177881885
N,conc,r2,rbf,1,1,,-0.1381449668133922
N,conc,pcc,rbf,1,1,,0.16954541990869534
N,conc,mse,rbf,10,1,,0.5917690361097654
N,conc,r2,rbf,10,1,,-0.1489983085537087
N,conc,pcc,rbf,10,1,,0.15744361476764848
N,conc,mse,rbf,100,1,,0.5917690361097654
N,conc,r2,rbf,100,1,,-0.1489983085537087
N,conc,pcc,rbf,100,1,,0.15744361476764848
N,conc,mse,rbf,1,10,,0.5952906093849057
N,conc,r2,rbf,1,10,,-0.1414265802934773
N,conc,pcc,rbf,1,10,,nan
N,conc,mse,rbf,10,10,,0.5930628497816838
N,conc,r2,rbf,10,10,,-0.1526984527287138
N,conc,pcc,rbf,10,10,,nan
N,conc,mse,rbf,100,10,,0.5930628497816838
N,conc,r2,rbf,100,10,,-0.1526984527287138
N,conc,pcc,rbf,100,10,,nan
